<TableLayout xmlns:android="http://schemas.android.com/apk/res/android"
    xmlns:tools="http://schemas.android.com/tools"
    android:id="@+id/tableLayout1"
    android:layout_width="match_parent"
    android:layout_height="match_parent"
    >

    <TableRow>
        <EditText
            android:hint="숫자1 입력"
            android:layout_span="5" />
    </TableRow>

    <TableRow>
        <EditText
            android:hint="숫자2 입력"
            android:layout_span="5" />
    </TableRow>

    <TableRow>
        <Button android:text="0"/>
        <Button android:text="1"/>
        <Button android:text="2"/>
        <Button android:text="3"/>
        <Button android:text="4"/>
    </TableRow>

    <TableRow>
        <Button android:text="5"/>
        <Button android:text="6"/>
        <Button android:text="7"/>
        <Button android:text="8"/>
        <Button android:text="9"/>
    </TableRow>

    <TableRow>
        <Button android:text="더하기"
            android:layout_span="5"/>
    </TableRow>
    <TableRow>
        <Button android:text="빼기"
            android:layout_span="5"/>
    </TableRow>
    <TableRow>
        <Button android:text="곱하기"
            android:layout_span="5"/>
    </TableRow>
    <TableRow>
        <Button android:text="나누기"
            android:layout_span="5"/>
    </TableRow>
    <TableRow>
        <TextView android:text="계산 결과 : "
            android:textColor="#FF0000" />
    </TableRow>



</TableLayout>