<TableLayout xmlns:android="http://schemas.android.com/apk/res/android"
    android:layout_width="match_parent"
    android:layout_height="match_parent"
    android:gravity="center_vertical"
    android:stretchColumns="0" >

    <TableRow>

        <TextView
            android:id="@+id/tv1"
            android:layout_gravity="center_vertical"
            android:text="그림1"
            android:textSize="15dp" />

        <RatingBar
            android:id="@+id/rbar1"
            android:numStars="5"
            android:stepSize="0.5"
            android:layout_width="match_parent"
            android:layout_height="wrap_content"
            android:layout_gravity="right" >
        </RatingBar>
    </TableRow>

    <TableRow>

        <TextView
            android:id="@+id/tv2"
            android:layout_gravity="center_vertical"
            android:text="그림2"
            android:textSize="15dp" />

        <RatingBar
            android:id="@+id/rbar2"
            android:numStars="5"
            android:stepSize="0.5"
            android:layout_width="match_parent"
            android:layout_height="wrap_content"
            android:layout_gravity="right" >
        </RatingBar>
    </TableRow>

    <TableRow>

        <TextView
            android:id="@+id/tv3"
            android:layout_gravity="center_vertical"
            android:text="그림3"
            android:textSize="15dp" />

        <RatingBar
            android:id="@+id/rbar3"
            android:numStars="5"
            android:stepSize="0.5"
            android:layout_width="match_parent"
            android:layout_height="wrap_content"
            android:layout_gravity="right" >
        </RatingBar>
    </TableRow>

    <TableRow>

        <Button
            android:id="@+id/btnReturn"
            android:layout_width="wrap_content"
            android:layout_height="wrap_content"
            android:layout_span="2"
            android:text="투표 종료" />
    </TableRow>

</TableLayout>